Order ID,Product,Quantity Ordered,Price Each,Order Date,Purchase Address
150502,iPhone,1,700,02/18/19 01:35,"866 Spruce St, Portland, ME 04101"
150503,AA Batteries (4-pack),1,3.84,02/13/19 07:24,"18 13th St, San Francisco, CA 94016"
150504,27in 4K Gaming Monitor,1,389.99,02/18/19 09:46,"52 6th St, New York City, NY 10001"
150505,Lightning Charging Cable,1,14.95,02/02/19 16:47,"129 Cherry St, Atlanta, GA 30301"
150506,AA Batteries (4-pack),2,3.84,02/28/19 20:32,"548 Lincoln St, Seattle, WA 98101"
150507,Lightning Charging Cable,1,14.95,02/24/19 18:50,"387 12th St, Austin, TX 73301"
150508,AA Batteries (4-pack),1,3.84,02/21/19 19:26,"622 Center St, San Francisco, CA 94016"
150509,Apple Airpods Headphones,1,150,02/26/19 19:53,"921 6th St, Seattle, WA 98101"
150510,USB-C Charging Cable,1,11.95,02/17/19 21:48,"451 2nd St, Los Angeles, CA 90001"
150511,USB-C Charging Cable,1,11.95,02/22/19 07:36,"689 River St, San Francisco, CA 94016"
150512,Bose SoundSport Headphones,1,99.99,02/17/19 18:29,"198 Center St, Los Angeles, CA 90001"
150513,Bose SoundSport Headphones,1,99.99,02/25/19 20:49,"777 Spruce St, Los Angeles, CA 90001"
150514,27in FHD Monitor,1,149.99,02/03/19 00:21,"723 Wilson St, Los Angeles, CA 90001"
150515,Apple Airpods Headphones,1,150,02/18/19 14:53,"101 13th St, New York City, NY 10001"
150516,Lightning Charging Cable,1,14.95,02/20/19 12:29,"303 Sunset St, Atlanta, GA 30301"
150517,Wired Headphones,1,11.99,02/08/19 12:57,"471 13th St, San Francisco, CA 94016"
150518,Macbook Pro Laptop,1,1700,02/26/19 12:38,"847 10th St, San Francisco, CA 94016"
150518,iPhone,1,700,02/26/19 12:38,"847 10th St, San Francisco, CA 94016"
150519,Wired Headphones,1,11.99,02/23/19 13:25,"111 Hill St, Dallas, TX 75001"
150520,AA Batteries (4-pack),2,3.84,02/27/19 14:39,"512 Church St, Dallas, TX 75001"
150521,Flatscreen TV,1,300,02/27/19 20:07,"588 1st St, Los Angeles, CA 90001"
150522,20in Monitor,1,109.99,02/12/19 00:00,"633 Cherry St, Boston, MA 02215"
150523,LG Dryer,1,600.0,02/27/19 20:24,"452 8th St, San Francisco, CA 94016"
150524,Wired Headphones,1,11.99,02/28/19 13:47,"311 8th St, Austin, TX 73301"
150525,20in Monitor,1,109.99,02/25/19 09:38,"874 Jefferson St, San Francisco, CA 94016"
150526,AAA Batteries (4-pack),1,2.99,02/15/19 11:31,"85 Park St, Boston, MA 02215"
150527,USB-C Charging Cable,1,11.95,02/07/19 14:33,"165 Jefferson St, Los Angeles, CA 90001"
150528,AAA Batteries (4-pack),2,2.99,02/26/19 23:17,"426 Lake St, Los Angeles, CA 90001"
150529,AA Batteries (4-pack),4,3.84,02/11/19 13:10,"116 Elm St, Seattle, WA 98101"
150530,ThinkPad Laptop,1,999.99,02/05/19 14:19,"752 Park St, Los Angeles, CA 90001"
150531,USB-C Charging Cable,1,11.95,02/28/19 18:16,"457 Maple St, Los Angeles, CA 90001"
150532,USB-C Charging Cable,1,11.95,02/04/19 22:57,"645 Walnut St, San Francisco, CA 94016"
150533,AAA Batteries (4-pack),1,2.99,03/01/19 03:06,"270 Dogwood St, San Francisco, CA 94016"
150534,AAA Batteries (4-pack),2,2.99,02/12/19 22:02,"246 9th St, Los Angeles, CA 90001"
150535,AAA Batteries (4-pack),1,2.99,02/21/19 11:46,"961 2nd St, San Francisco, CA 94016"
150536,Wired Headphones,1,11.99,02/13/19 22:43,"134 8th St, Los Angeles, CA 90001"
150537,Wired Headphones,1,11.99,02/23/19 13:31,"437 12th St, San Francisco, CA 94016"
150538,Apple Airpods Headphones,1,150,02/22/19 17:28,"553 12th St, Atlanta, GA 30301"
150539,AA Batteries (4-pack),2,3.84,02/18/19 16:46,"103 14th St, San Francisco, CA 94016"
150540,Apple Airpods Headphones,1,150,02/18/19 15:23,"218 Ridge St, Atlanta, GA 30301"
150541,AAA Batteries (4-pack),1,2.99,03/01/19 01:03,"683 Adams St, Portland, OR 97035"
150542,AA Batteries (4-pack),1,3.84,02/02/19 19:46,"517 10th St, Austin, TX 73301"
150543,Wired Headphones,1,11.99,02/08/19 09:21,"268 Sunset St, Boston, MA 02215"
150544,Lightning Charging Cable,1,14.95,02/10/19 17:19,"723 Elm St, Los Angeles, CA 90001"
150545,Macbook Pro Laptop,1,1700,02/25/19 20:35,"905 Meadow St, Atlanta, GA 30301"
150546,AAA Batteries (4-pack),1,2.99,02/07/19 14:01,"43 1st St, Atlanta, GA 30301"
150547,AAA Batteries (4-pack),1,2.99,02/06/19 17:51,"511 Washington St, San Francisco, CA 94016"
150548,Macbook Pro Laptop,1,1700,02/18/19 22:56,"750 Forest St, Boston, MA 02215"
150549,iPhone,1,700,02/05/19 20:33,"522 West St, Boston, MA 02215"
150550,ThinkPad Laptop,1,999.99,02/17/19 14:45,"261 Washington St, Los Angeles, CA 90001"
150551,27in 4K Gaming Monitor,1,389.99,02/02/19 08:25,"726 West St, Seattle, WA 98101"
150552,Wired Headphones,1,11.99,02/21/19 19:06,"954 13th St, Boston, MA 02215"
150553,34in Ultrawide Monitor,1,379.99,02/20/19 21:42,"700 1st St, Dallas, TX 75001"
150554,AA Batteries (4-pack),1,3.84,02/12/19 06:49,"33 Johnson St, New York City, NY 10001"
150555,27in FHD Monitor,1,149.99,02/18/19 11:27,"714 Adams St, Portland, OR 97035"
150556,Lightning Charging Cable,1,14.95,02/10/19 13:25,"419 Hill St, Los Angeles, CA 90001"
150557,AA Batteries (4-pack),2,3.84,02/22/19 21:41,"372 5th St, Seattle, WA 98101"
150558,Wired Headphones,1,11.99,02/04/19 16:09,"864 Hickory St, Boston, MA 02215"
150559,Apple Airpods Headphones,1,150,02/07/19 23:41,"506 Willow St, Boston, MA 02215"
150560,Apple Airpods Headphones,1,150,02/05/19 14:29,"178 14th St, San Francisco, CA 94016"
150561,Wired Headphones,1,11.99,02/22/19 17:55,"888 Jefferson St, New York City, NY 10001"
150562,27in 4K Gaming Monitor,1,389.99,02/16/19 20:07,"663 1st St, Atlanta, GA 30301"
150563,iPhone,1,700,02/20/19 02:09,"631 Pine St, San Francisco, CA 94016"
150564,USB-C Charging Cable,1,11.95,02/28/19 13:55,"579 9th St, Atlanta, GA 30301"
150565,Wired Headphones,1,11.99,02/24/19 19:08,"406 Lincoln St, Seattle, WA 98101"
150566,27in FHD Monitor,1,149.99,02/21/19 18:30,"230 Pine St, Los Angeles, CA 90001"
150567,Apple Airpods Headphones,1,150,02/26/19 16:12,"466 South St, Dallas, TX 75001"
150568,Wired Headphones,1,11.99,02/15/19 22:49,"651 Johnson St, New York City, NY 10001"
150569,AA Batteries (4-pack),3,3.84,02/04/19 13:11,"981 Lake St, Seattle, WA 98101"
150570,Wired Headphones,1,11.99,02/18/19 18:12,"786 Meadow St, San Francisco, CA 94016"
150571,Lightning Charging Cable,1,14.95,02/23/19 22:41,"571 Hickory St, San Francisco, CA 94016"
150572,27in FHD Monitor,1,149.99,02/06/19 07:38,"523 Spruce St, Atlanta, GA 30301"
150573,Apple Airpods Headphones,1,150,02/25/19 11:32,"455 Highland St, Los Angeles, CA 90001"
150574,Lightning Charging Cable,1,14.95,02/17/19 19:51,"25 7th St, Portland, OR 97035"
150575,AA Batteries (4-pack),1,3.84,02/10/19 11:44,"776 Elm St, Los Angeles, CA 90001"
,,,,,
150576,Bose SoundSport Headphones,1,99.99,02/02/19 01:33,"43 South St, San Francisco, CA 94016"
150577,AA Batteries (4-pack),1,3.84,02/25/19 13:27,"122 Spruce St, Seattle, WA 98101"
150578,USB-C Charging Cable,1,11.95,02/06/19 19:05,"193 Pine St, San Francisco, CA 94016"
150579,USB-C Charging Cable,1,11.95,02/27/19 20:11,"320 North St, Los Angeles, CA 90001"
150580,AA Batteries (4-pack),1,3.84,02/11/19 22:06,"399 5th St, New York City, NY 10001"
150581,AA Batteries (4-pack),1,3.84,02/21/19 19:51,"144 Washington St, Seattle, WA 98101"
150582,iPhone,1,700,02/16/19 23:38,"678 Maple St, Seattle, WA 98101"
150582,Lightning Charging Cable,1,14.95,02/16/19 23:38,"678 Maple St, Seattle, WA 98101"
150583,27in FHD Monitor,1,149.99,02/01/19 20:56,"159 Maple St, Seattle, WA 98101"
150584,AAA Batteries (4-pack),1,2.99,02/24/19 21:41,"971 Park St, Boston, MA 02215"
150585,USB-C Charging Cable,1,11.95,02/16/19 14:04,"55 Walnut St, Seattle, WA 98101"
150586,Apple Airpods Headphones,1,150,02/12/19 19:25,"671 12th St, San Francisco, CA 94016"
150587,Lightning Charging Cable,1,14.95,02/11/19 17:43,"290 Meadow St, Seattle, WA 98101"
150588,AAA Batteries (4-pack),2,2.99,02/09/19 09:33,"823 Cedar St, Los Angeles, CA 90001"
150589,Flatscreen TV,1,300,02/24/19 12:02,"123 Washington St, San Francisco, CA 94016"
150590,Apple Airpods Headphones,1,150,02/08/19 09:35,"196 River St, San Francisco, CA 94016"
150590,AAA Batteries (4-pack),1,2.99,02/08/19 09:35,"196 River St, San Francisco, CA 94016"
150591,AAA Batteries (4-pack),1,2.99,02/12/19 15:29,"362 Main St, Portland, OR 97035"
150592,USB-C Charging Cable,1,11.95,02/02/19 09:27,"756 6th St, Los Angeles, CA 90001"
150593,Bose SoundSport Headphones,1,99.99,02/15/19 16:58,"441 Park St, New York City, NY 10001"
150594,USB-C Charging Cable,1,11.95,02/19/19 18:54,"286 8th St, San Francisco, CA 94016"
150595,USB-C Charging Cable,1,11.95,02/12/19 06:12,"734 Cherry St, San Francisco, CA 94016"
150596,AAA Batteries (4-pack),1,2.99,02/07/19 14:38,"724 Ridge St, Dallas, TX 75001"
150597,USB-C Charging Cable,1,11.95,02/18/19 16:08,"758 Lincoln St, Boston, MA 02215"
150598,Wired Headphones,1,11.99,02/21/19 15:25,"841 12th St, Boston, MA 02215"
150599,20in Monitor,1,109.99,02/19/19 12:08,"677 South St, Atlanta, GA 30301"
150600,AA Batteries (4-pack),1,3.84,02/11/19 00:57,"353 11th St, San Francisco, CA 94016"
150601,AAA Batteries (4-pack),2,2.99,02/16/19 13:24,"24 Highland St, Atlanta, GA 30301"
150602,Apple Airpods Headphones,1,150,02/11/19 09:44,"207 Wilson St, Los Angeles, CA 90001"
150603,USB-C Charging Cable,1,11.95,02/18/19 14:44,"772 Johnson St, Seattle, WA 98101"
150604,AA Batteries (4-pack),1,3.84,02/26/19 17:09,"125 Hickory St, Atlanta, GA 30301"
150605,USB-C Charging Cable,1,11.95,02/06/19 14:27,"443 Park St, San Francisco, CA 94016"
150606,AA Batteries (4-pack),1,3.84,02/28/19 10:17,"810 Madison St, Atlanta, GA 30301"
150607,Lightning Charging Cable,1,14.95,02/27/19 19:36,"469 Church St, San Francisco, CA 94016"
150608,ThinkPad Laptop,1,999.99,02/20/19 11:53,"383 10th St, San Francisco, CA 94016"
150609,USB-C Charging Cable,1,11.95,02/09/19 20:23,"403 North St, New York City, NY 10001"
150610,27in FHD Monitor,1,149.99,02/19/19 10:42,"409 Church St, Boston, MA 02215"
150611,AAA Batteries (4-pack),1,2.99,02/04/19 16:49,"961 5th St, Portland, OR 97035"
150612,USB-C Charging Cable,1,11.95,02/28/19 20:14,"321 7th St, Los Angeles, CA 90001"
150613,AA Batteries (4-pack),1,3.84,02/08/19 13:05,"198 Walnut St, Los Angeles, CA 90001"
150614,AA Batteries (4-pack),2,3.84,02/05/19 17:18,"709 Cedar St, Boston, MA 02215"
150615,27in FHD Monitor,1,149.99,02/27/19 13:34,"814 Highland St, New York City, NY 10001"
150616,27in 4K Gaming Monitor,1,389.99,02/05/19 20:35,"985 Jackson St, Portland, OR 97035"
150617,Google Phone,1,600,02/25/19 00:02,"551 Sunset St, New York City, NY 10001"
150617,USB-C Charging Cable,1,11.95,02/25/19 00:02,"551 Sunset St, New York City, NY 10001"
150618,USB-C Charging Cable,1,11.95,02/24/19 12:20,"659 8th St, Portland, OR 97035"
150619,USB-C Charging Cable,1,11.95,02/17/19 17:23,"529 Madison St, Los Angeles, CA 90001"
150620,Apple Airpods Headphones,1,150,02/07/19 15:12,"808 1st St, Los Angeles, CA 90001"
150621,AA Batteries (4-pack),1,3.84,02/05/19 13:01,"173 Dogwood St, Boston, MA 02215"
150622,34in Ultrawide Monitor,1,379.99,02/12/19 16:05,"230 Washington St, Boston, MA 02215"
150623,iPhone,1,700,02/05/19 22:46,"96 7th St, Seattle, WA 98101"
150624,34in Ultrawide Monitor,1,379.99,02/16/19 09:59,"582 Wilson St, Los Angeles, CA 90001"
150625,AAA Batteries (4-pack),1,2.99,02/21/19 14:54,"19 5th St, New York City, NY 10001"
150626,AA Batteries (4-pack),2,3.84,02/26/19 23:55,"464 Center St, Dallas, TX 75001"
150627,USB-C Charging Cable,1,11.95,02/17/19 07:01,"106 10th St, Portland, OR 97035"
150628,Lightning Charging Cable,2,14.95,02/25/19 17:22,"206 Spruce St, San Francisco, CA 94016"
150629,AA Batteries (4-pack),1,3.84,02/28/19 18:17,"686 2nd St, Los Angeles, CA 90001"
150630,Apple Airpods Headphones,1,150,02/14/19 09:15,"274 Sunset St, Dallas, TX 75001"
150631,20in Monitor,1,109.99,02/26/19 14:12,"483 14th St, Atlanta, GA 30301"
150632,Wired Headphones,1,11.99,02/18/19 21:48,"108 Adams St, New York City, NY 10001"
150633,Wired Headphones,1,11.99,02/09/19 14:21,"566 Lake St, Los Angeles, CA 90001"
150634,USB-C Charging Cable,1,11.95,02/11/19 17:17,"463 Hickory St, New York City, NY 10001"
150635,iPhone,1,700,02/10/19 17:43,"129 Center St, Seattle, WA 98101"
150636,USB-C Charging Cable,1,11.95,02/15/19 11:59,"589 Walnut St, Portland, OR 97035"
150637,Apple Airpods Headphones,1,150,02/02/19 17:37,"23 Church St, Austin, TX 73301"
150638,AA Batteries (4-pack),1,3.84,02/19/19 11:04,"466 Lakeview St, New York City, NY 10001"
150639,Lightning Charging Cable,2,14.95,02/19/19 14:28,"408 Park St, Atlanta, GA 30301"
150640,Vareebadd Phone,1,400,02/26/19 00:07,"769 Willow St, New York City, NY 10001"
150641,AAA Batteries (4-pack),1,2.99,02/10/19 14:57,"72 12th St, Portland, OR 97035"
150642,Lightning Charging Cable,1,14.95,02/27/19 20:18,"938 Pine St, New York City, NY 10001"
150643,Apple Airpods Headphones,1,150,02/23/19 22:12,"304 North St, Seattle, WA 98101"
150644,Bose SoundSport Headphones,1,99.99,02/17/19 18:07,"879 Sunset St, Dallas, TX 75001"
150645,27in 4K Gaming Monitor,1,389.99,02/02/19 07:06,"153 South St, Seattle, WA 98101"
150646,27in FHD Monitor,1,149.99,02/10/19 11:22,"312 Spruce St, San Francisco, CA 94016"
150647,20in Monitor,1,109.99,02/20/19 16:34,"102 Dogwood St, New York City, NY 10001"
150648,27in 4K Gaming Monitor,1,389.99,02/07/19 10:52,"217 11th St, Los Angeles, CA 90001"
150649,27in FHD Monitor,1,149.99,02/15/19 20:14,"834 Main St, San Francisco, CA 94016"
150650,Bose SoundSport Headphones,1,99.99,02/21/19 16:43,"982 11th St, San Francisco, CA 94016"
150651,Google Phone,1,600,02/02/19 11:49,"525 10th St, New York City, NY 10001"
150651,USB-C Charging Cable,1,11.95,02/02/19 11:49,"525 10th St, New York City, NY 10001"
150652,AAA Batteries (4-pack),1,2.99,02/12/19 10:28,"933 Jackson St, Boston, MA 02215"
150653,27in FHD Monitor,1,149.99,02/04/19 11:42,"955 Jackson St, Los Angeles, CA 90001"
150654,Wired Headphones,1,11.99,02/14/19 19:10,"263 Cherry St, Los Angeles, CA 90001"
150655,AAA Batteries (4-pack),1,2.99,02/12/19 16:15,"154 Main St, Los Angeles, CA 90001"
150656,27in FHD Monitor,1,149.99,02/13/19 11:59,"643 Jackson St, Atlanta, GA 30301"
150657,AAA Batteries (4-pack),1,2.99,02/10/19 16:25,"406 Maple St, Los Angeles, CA 90001"
150658,USB-C Charging Cable,1,11.95,02/25/19 05:30,"82 Park St, Austin, TX 73301"
150659,27in 4K Gaming Monitor,1,389.99,02/11/19 10:57,"117 Johnson St, San Francisco, CA 94016"
150660,27in FHD Monitor,1,149.99,02/03/19 22:41,"719 11th St, New York City, NY 10001"
150661,Wired Headphones,1,11.99,02/21/19 16:48,"835 Spruce St, Atlanta, GA 30301"
150662,Wired Headphones,1,11.99,02/01/19 15:57,"403 North St, Dallas, TX 75001"
150663,AAA Batteries (4-pack),1,2.99,02/14/19 03:13,"205 Spruce St, Los Angeles, CA 90001"
150664,ThinkPad Laptop,1,999.99,02/06/19 15:58,"928 14th St, Dallas, TX 75001"
,,,,,
150665,AAA Batteries (4-pack),2,2.99,02/10/19 09:12,"964 7th St, San Francisco, CA 94016"
150666,Wired Headphones,1,11.99,02/05/19 11:39,"188 Spruce St, San Francisco, CA 94016"
,,,,,
150667,USB-C Charging Cable,1,11.95,02/27/19 23:58,"662 Chestnut St, Dallas, TX 75001"
150668,Wired Headphones,1,11.99,02/14/19 18:09,"419 7th St, Atlanta, GA 30301"
150669,iPhone,1,700,02/10/19 03:20,"585 6th St, Atlanta, GA 30301"
150670,AA Batteries (4-pack),1,3.84,02/28/19 16:17,"368 Hickory St, Portland, ME 04101"
150671,Bose SoundSport Headphones,1,99.99,02/09/19 07:58,"690 14th St, Boston, MA 02215"
150672,USB-C Charging Cable,1,11.95,02/24/19 14:03,"869 Spruce St, Dallas, TX 75001"
150673,Bose SoundSport Headphones,1,99.99,02/02/19 13:50,"688 Spruce St, San Francisco, CA 94016"
150674,Google Phone,1,600,02/21/19 11:44,"690 Park St, San Francisco, CA 94016"
150674,USB-C Charging Cable,1,11.95,02/21/19 11:44,"690 Park St, San Francisco, CA 94016"
150674,Wired Headphones,1,11.99,02/21/19 11:44,"690 Park St, San Francisco, CA 94016"
150675,Lightning Charging Cable,1,14.95,02/24/19 12:57,"395 Spruce St, San Francisco, CA 94016"
150676,27in FHD Monitor,1,149.99,02/17/19 20:37,"401 Cedar St, Dallas, TX 75001"
150677,ThinkPad Laptop,1,999.99,02/08/19 18:26,"221 Elm St, New York City, NY 10001"
150678,AA Batteries (4-pack),1,3.84,02/17/19 13:00,"399 Center St, Los Angeles, CA 90001"
150679,Bose SoundSport Headphones,1,99.99,02/17/19 14:38,"885 Elm St, Seattle, WA 98101"
150680,iPhone,1,700,02/03/19 12:49,"29 Lakeview St, Austin, TX 73301"
150681,USB-C Charging Cable,2,11.95,02/17/19 22:20,"348 9th St, Seattle, WA 98101"
150682,Apple Airpods Headphones,1,150,02/15/19 21:55,"833 Lake St, San Francisco, CA 94016"
150683,27in FHD Monitor,1,149.99,02/23/19 22:28,"632 Ridge St, San Francisco, CA 94016"
150684,34in Ultrawide Monitor,1,379.99,02/23/19 18:41,"615 Jefferson St, San Francisco, CA 94016"
150685,Lightning Charging Cable,2,14.95,02/05/19 13:36,"658 Forest St, Portland, OR 97035"
150686,iPhone,1,700,02/28/19 17:39,"389 Pine St, Los Angeles, CA 90001"
150687,Wired Headphones,1,11.99,02/27/19 15:36,"292 Highland St, Los Angeles, CA 90001"
150688,Google Phone,1,600,02/07/19 09:30,"719 Maple St, New York City, NY 10001"
150688,Wired Headphones,1,11.99,02/07/19 09:30,"719 Maple St, New York City, NY 10001"
150689,AAA Batteries (4-pack),1,2.99,02/24/19 18:42,"623 10th St, Los Angeles, CA 90001"
150690,AA Batteries (4-pack),1,3.84,02/28/19 22:41,"167 Highland St, Atlanta, GA 30301"
150691,20in Monitor,1,109.99,02/26/19 00:43,"902 Adams St, New York City, NY 10001"
150692,Bose SoundSport Headphones,1,99.99,02/23/19 19:59,"868 11th St, Boston, MA 02215"
150693,Wired Headphones,1,11.99,02/23/19 13:45,"403 West St, Boston, MA 02215"
150694,Apple Airpods Headphones,1,150,02/26/19 20:58,"813 Church St, Los Angeles, CA 90001"
150695,AA Batteries (4-pack),1,3.84,02/07/19 20:34,"272 4th St, Atlanta, GA 30301"
150696,AA Batteries (4-pack),1,3.84,02/02/19 13:55,"417 Dogwood St, Boston, MA 02215"
150697,Bose SoundSport Headphones,1,99.99,02/19/19 09:30,"966 7th St, Seattle, WA 98101"
150698,34in Ultrawide Monitor,1,379.99,02/08/19 13:19,"375 Maple St, Los Angeles, CA 90001"
150699,USB-C Charging Cable,1,11.95,02/06/19 15:39,"253 Cherry St, San Francisco, CA 94016"
150700,USB-C Charging Cable,1,11.95,02/03/19 02:10,"551 2nd St, New York City, NY 10001"
150701,ThinkPad Laptop,1,999.99,02/07/19 20:21,"822 Highland St, Dallas, TX 75001"
150702,34in Ultrawide Monitor,1,379.99,02/23/19 20:58,"27 Wilson St, Los Angeles, CA 90001"
150703,27in 4K Gaming Monitor,1,389.99,02/03/19 11:37,"998 Jefferson St, Boston, MA 02215"
150704,27in 4K Gaming Monitor,1,389.99,02/11/19 17:50,"508 Walnut St, Austin, TX 73301"
150705,Bose SoundSport Headphones,1,99.99,02/15/19 19:37,"189 Elm St, New York City, NY 10001"
150706,Lightning Charging Cable,1,14.95,02/19/19 12:11,"815 Willow St, San Francisco, CA 94016"
150707,Lightning Charging Cable,1,14.95,02/15/19 20:50,"128 Elm St, San Francisco, CA 94016"
150708,Bose SoundSport Headphones,1,99.99,02/05/19 14:25,"36 Ridge St, Dallas, TX 75001"
150709,USB-C Charging Cable,1,11.95,02/16/19 18:54,"507 Washington St, Boston, MA 02215"
150710,27in 4K Gaming Monitor,1,389.99,02/01/19 10:27,"581 Jackson St, San Francisco, CA 94016"
150711,Flatscreen TV,1,300,02/16/19 19:16,"320 11th St, San Francisco, CA 94016"
150712,AA Batteries (4-pack),3,3.84,02/19/19 14:49,"109 Willow St, New York City, NY 10001"
150713,AAA Batteries (4-pack),2,2.99,02/01/19 09:54,"362 10th St, Dallas, TX 75001"
150714,Bose SoundSport Headphones,1,99.99,02/14/19 20:46,"539 5th St, Los Angeles, CA 90001"
150715,Apple Airpods Headphones,1,150,02/28/19 16:23,"626 Lakeview St, San Francisco, CA 94016"
150716,Bose SoundSport Headphones,1,99.99,02/05/19 12:53,"396 Elm St, Dallas, TX 75001"
150717,USB-C Charging Cable,1,11.95,02/03/19 19:43,"202 Maple St, Austin, TX 73301"
150718,AA Batteries (4-pack),1,3.84,02/20/19 00:06,"211 Willow St, Atlanta, GA 30301"
150719,AAA Batteries (4-pack),1,2.99,02/01/19 14:44,"281 Lake St, Portland, OR 97035"
150720,27in FHD Monitor,1,149.99,02/10/19 20:23,"326 10th St, San Francisco, CA 94016"
150721,Apple Airpods Headphones,1,150,02/14/19 23:24,"115 Cedar St, San Francisco, CA 94016"
150722,AA Batteries (4-pack),2,3.84,02/09/19 17:56,"859 Cedar St, Seattle, WA 98101"
150723,Lightning Charging Cable,1,14.95,02/20/19 20:08,"793 Forest St, Los Angeles, CA 90001"
150724,34in Ultrawide Monitor,1,379.99,02/14/19 18:37,"168 Forest St, Seattle, WA 98101"
150725,AA Batteries (4-pack),2,3.84,02/27/19 09:19,"148 Park St, San Francisco, CA 94016"
150726,USB-C Charging Cable,1,11.95,02/09/19 15:27,"984 Hickory St, San Francisco, CA 94016"
150727,Apple Airpods Headphones,1,150,02/21/19 13:23,"406 4th St, San Francisco, CA 94016"
150728,Wired Headphones,1,11.99,02/03/19 12:04,"7 Highland St, New York City, NY 10001"
150729,Google Phone,1,600,02/08/19 11:53,"705 7th St, Boston, MA 02215"
150730,USB-C Charging Cable,2,11.95,02/16/19 11:39,"357 Lakeview St, San Francisco, CA 94016"
150731,Lightning Charging Cable,1,14.95,02/24/19 04:22,"907 South St, Seattle, WA 98101"
150732,AA Batteries (4-pack),1,3.84,02/11/19 13:04,"417 Ridge St, San Francisco, CA 94016"
150733,27in 4K Gaming Monitor,1,389.99,02/15/19 00:53,"982 Washington St, Los Angeles, CA 90001"
150734,Google Phone,1,600,02/13/19 09:47,"119 Madison St, New York City, NY 10001"
150734,USB-C Charging Cable,1,11.95,02/13/19 09:47,"119 Madison St, New York City, NY 10001"
150735,AA Batteries (4-pack),1,3.84,02/13/19 11:49,"450 6th St, Boston, MA 02215"
150736,Wired Headphones,1,11.99,02/21/19 19:14,"785 Lakeview St, Los Angeles, CA 90001"
150737,AAA Batteries (4-pack),1,2.99,02/14/19 13:41,"727 Pine St, Los Angeles, CA 90001"
150738,Bose SoundSport Headphones,1,99.99,02/08/19 21:06,"374 Main St, Atlanta, GA 30301"
150739,Lightning Charging Cable,1,14.95,02/15/19 12:08,"21 11th St, Atlanta, GA 30301"
150740,34in Ultrawide Monitor,1,379.99,02/08/19 19:30,"838 11th St, Portland, OR 97035"
150741,Bose SoundSport Headphones,1,99.99,02/11/19 08:16,"755 Maple St, New York City, NY 10001"
150742,Wired Headphones,1,11.99,02/09/19 23:19,"589 Maple St, San Francisco, CA 94016"
150743,AAA Batteries (4-pack),1,2.99,02/17/19 05:23,"203 Main St, Los Angeles, CA 90001"
150744,34in Ultrawide Monitor,1,379.99,02/07/19 13:45,"682 5th St, Atlanta, GA 30301"
150745,AA Batteries (4-pack),3,3.84,02/26/19 10:42,"489 Center St, San Francisco, CA 94016"
150746,AAA Batteries (4-pack),1,2.99,02/01/19 12:15,"195 North St, Los Angeles, CA 90001"
150747,USB-C Charging Cable,1,11.95,02/03/19 11:18,"275 2nd St, San Francisco, CA 94016"
150748,AAA Batteries (4-pack),1,2.99,02/27/19 12:39,"931 11th St, New York City, NY 10001"
150749,Vareebadd Phone,1,400,02/19/19 09:25,"55 6th St, San Francisco, CA 94016"
150750,iPhone,1,700,02/05/19 17:18,"753 Washington St, New York City, NY 10001"
150751,USB-C Charging Cable,2,11.95,02/11/19 18:06,"153 Washington St, Los Angeles, CA 90001"
150752,Wired Headphones,1,11.99,02/08/19 00:08,"23 4th St, Portland, OR 97035"
150753,Lightning Charging Cable,1,14.95,02/28/19 11:30,"599 7th St, New York City, NY 10001"
150754,AAA Batteries (4-pack),1,2.99,02/27/19 13:34,"423 Park St, Austin, TX 73301"
150755,AA Batteries (4-pack),1,3.84,02/20/19 10:25,"355 Lake St, Austin, TX 73301"
150756,Bose SoundSport Headphones,1,99.99,02/03/19 08:16,"114 West St, Seattle, WA 98101"
150757,USB-C Charging Cable,1,11.95,02/18/19 18:55,"141 Highland St, San Francisco, CA 94016"
150758,iPhone,1,700,02/19/19 09:38,"360 Madison St, Austin, TX 73301"
150758,Wired Headphones,1,11.99,02/19/19 09:38,"360 Madison St, Austin, TX 73301"
150759,Lightning Charging Cable,1,14.95,02/03/19 05:10,"999 9th St, Boston, MA 02215"
150760,AA Batteries (4-pack),2,3.84,02/17/19 20:04,"638 4th St, Los Angeles, CA 90001"
150761,AAA Batteries (4-pack),1,2.99,02/19/19 21:47,"358 Maple St, Austin, TX 73301"
150762,USB-C Charging Cable,1,11.95,02/15/19 23:07,"927 Lake St, San Francisco, CA 94016"
150763,AA Batteries (4-pack),3,3.84,02/11/19 22:09,"276 2nd St, New York City, NY 10001"
150764,AAA Batteries (4-pack),1,2.99,02/26/19 11:27,"671 10th St, New York City, NY 10001"
150765,AA Batteries (4-pack),1,3.84,02/13/19 20:53,"750 Madison St, Seattle, WA 98101"
150766,Bose SoundSport Headphones,1,99.99,02/25/19 12:50,"969 10th St, San Francisco, CA 94016"
150767,Bose SoundSport Headphones,1,99.99,02/01/19 17:13,"38 Wilson St, San Francisco, CA 94016"
150768,Lightning Charging Cable,1,14.95,02/26/19 17:05,"482 Madison St, Los Angeles, CA 90001"
150769,Apple Airpods Headphones,1,150,02/03/19 12:41,"470 Madison St, Los Angeles, CA 90001"
150770,34in Ultrawide Monitor,1,379.99,02/06/19 10:02,"721 Dogwood St, Seattle, WA 98101"
150771,AA Batteries (4-pack),1,3.84,02/26/19 11:16,"619 9th St, New York City, NY 10001"
150772,Bose SoundSport Headphones,1,99.99,02/25/19 13:19,"238 8th St, Los Angeles, CA 90001"
150773,AA Batteries (4-pack),1,3.84,02/08/19 11:25,"632 Highland St, New York City, NY 10001"
150774,AA Batteries (4-pack),1,3.84,02/21/19 18:25,"579 Adams St, San Francisco, CA 94016"
150775,Lightning Charging Cable,1,14.95,02/16/19 21:07,"596 9th St, Seattle, WA 98101"
150776,Bose SoundSport Headphones,1,99.99,02/04/19 16:57,"480 1st St, Seattle, WA 98101"
150777,Lightning Charging Cable,2,14.95,02/14/19 18:05,"879 Pine St, Los Angeles, CA 90001"
150778,Apple Airpods Headphones,1,150,02/04/19 12:18,"49 Hill St, San Francisco, CA 94016"
150779,27in FHD Monitor,1,149.99,02/28/19 15:40,"819 Adams St, San Francisco, CA 94016"
150780,Google Phone,1,600,02/15/19 20:54,"123 Maple St, Austin, TX 73301"
150781,Bose SoundSport Headphones,1,99.99,02/08/19 20:23,"219 1st St, Atlanta, GA 30301"
150782,Lightning Charging Cable,1,14.95,02/18/19 12:26,"12 Highland St, San Francisco, CA 94016"
150783,AAA Batteries (4-pack),1,2.99,02/27/19 23:25,"13 Hill St, San Francisco, CA 94016"
150784,AA Batteries (4-pack),1,3.84,02/22/19 09:55,"73 Sunset St, New York City, NY 10001"
150785,Apple Airpods Headphones,1,150,02/21/19 18:26,"474 Pine St, Los Angeles, CA 90001"
150786,AA Batteries (4-pack),2,3.84,02/06/19 21:28,"856 Highland St, Atlanta, GA 30301"
150787,USB-C Charging Cable,1,11.95,02/19/19 18:20,"110 Washington St, New York City, NY 10001"
150788,Wired Headphones,1,11.99,02/14/19 16:41,"65 Pine St, New York City, NY 10001"
150789,Lightning Charging Cable,1,14.95,02/22/19 03:03,"156 West St, New York City, NY 10001"
150790,USB-C Charging Cable,1,11.95,02/11/19 13:38,"869 Lincoln St, Seattle, WA 98101"
150791,Apple Airpods Headphones,1,150,02/19/19 02:12,"663 Madison St, San Francisco, CA 94016"
150792,Wired Headphones,1,11.99,02/19/19 20:45,"343 13th St, Boston, MA 02215"
150793,ThinkPad Laptop,1,999.99,02/01/19 13:15,"210 1st St, Boston, MA 02215"
150794,AAA Batteries (4-pack),1,2.99,02/27/19 18:34,"195 Jackson St, Boston, MA 02215"
150795,27in 4K Gaming Monitor,1,389.99,02/26/19 20:05,"959 4th St, Seattle, WA 98101"
150796,AAA Batteries (4-pack),2,2.99,02/23/19 18:25,"129 Washington St, Atlanta, GA 30301"
150797,USB-C Charging Cable,3,11.95,02/18/19 12:55,"995 Ridge St, Atlanta, GA 30301"
150798,Macbook Pro Laptop,1,1700,02/08/19 11:56,"931 Dogwood St, New York City, NY 10001"
150799,Bose SoundSport Headphones,1,99.99,02/21/19 09:55,"445 14th St, Dallas, TX 75001"
150800,USB-C Charging Cable,1,11.95,02/23/19 20:11,"37 North St, Boston, MA 02215"
150801,AAA Batteries (4-pack),1,2.99,02/10/19 12:32,"212 Center St, Seattle, WA 98101"
150802,Google Phone,1,600,02/01/19 11:11,"817 Willow St, Dallas, TX 75001"
150803,Bose SoundSport Headphones,1,99.99,02/14/19 17:22,"532 Hill St, San Francisco, CA 94016"
150804,AAA Batteries (4-pack),1,2.99,02/21/19 14:47,"849 Jackson St, New York City, NY 10001"
150805,AA Batteries (4-pack),1,3.84,02/27/19 16:07,"820 Washington St, New York City, NY 10001"
150806,USB-C Charging Cable,1,11.95,02/28/19 10:45,"995 6th St, Los Angeles, CA 90001"
150807,27in 4K Gaming Monitor,1,389.99,02/18/19 10:42,"278 Dogwood St, Boston, MA 02215"
150808,AA Batteries (4-pack),1,3.84,02/08/19 09:37,"566 West St, San Francisco, CA 94016"
150809,USB-C Charging Cable,1,11.95,02/24/19 09:53,"605 Hill St, Los Angeles, CA 90001"
150810,USB-C Charging Cable,1,11.95,02/10/19 13:04,"275 2nd St, Los Angeles, CA 90001"
150811,Google Phone,1,600,02/14/19 14:23,"969 Pine St, Seattle, WA 98101"
150812,Wired Headphones,1,11.99,03/01/19 02:18,"915 Maple St, San Francisco, CA 94016"
150813,Apple Airpods Headphones,1,150,02/19/19 20:40,"575 Cherry St, San Francisco, CA 94016"
150814,USB-C Charging Cable,1,11.95,02/18/19 20:53,"922 7th St, Seattle, WA 98101"
150815,Wired Headphones,1,11.99,02/12/19 21:37,"770 6th St, Atlanta, GA 30301"
150816,Flatscreen TV,1,300,02/15/19 09:51,"769 Johnson St, San Francisco, CA 94016"
150817,AA Batteries (4-pack),1,3.84,02/26/19 14:44,"377 Church St, New York City, NY 10001"
150818,AA Batteries (4-pack),1,3.84,02/26/19 18:01,"919 Adams St, Seattle, WA 98101"
150819,27in FHD Monitor,1,149.99,02/14/19 11:05,"547 Willow St, Los Angeles, CA 90001"
150820,AA Batteries (4-pack),1,3.84,02/05/19 21:20,"920 11th St, Portland, OR 97035"
150821,Bose SoundSport Headphones,1,99.99,02/25/19 20:48,"316 Center St, Los Angeles, CA 90001"
150822,AA Batteries (4-pack),1,3.84,02/23/19 20:02,"932 Forest St, San Francisco, CA 94016"
150823,USB-C Charging Cable,1,11.95,02/24/19 10:12,"848 Cedar St, San Francisco, CA 94016"
150824,Wired Headphones,1,11.99,02/04/19 20:24,"513 Wilson St, Boston, MA 02215"
150825,27in FHD Monitor,1,149.99,02/22/19 19:16,"289 Hickory St, New York City, NY 10001"
150826,Bose SoundSport Headphones,1,99.99,02/16/19 11:13,"543 6th St, Seattle, WA 98101"
150827,USB-C Charging Cable,1,11.95,02/08/19 10:29,"529 West St, New York City, NY 10001"
150828,Macbook Pro Laptop,1,1700,02/18/19 21:13,"380 13th St, Dallas, TX 75001"
150829,27in 4K Gaming Monitor,1,389.99,02/08/19 02:33,"606 Highland St, Los Angeles, CA 90001"
150830,USB-C Charging Cable,2,11.95,02/28/19 20:49,"121 Cedar St, Seattle, WA 98101"
150831,AAA Batteries (4-pack),1,2.99,02/15/19 16:13,"346 Center St, New York City, NY 10001"
150832,USB-C Charging Cable,1,11.95,02/16/19 06:56,"107 4th St, San Francisco, CA 94016"
150833,USB-C Charging Cable,1,11.95,02/15/19 11:18,"365 Center St, New York City, NY 10001"
150834,Bose SoundSport Headphones,1,99.99,02/22/19 19:14,"795 Jefferson St, Dallas, TX 75001"
150835,Apple Airpods Headphones,1,150,02/12/19 13:15,"279 10th St, New York City, NY 10001"
150836,Wired Headphones,1,11.99,02/06/19 12:42,"820 Walnut St, Dallas, TX 75001"
150837,Lightning Charging Cable,1,14.95,02/14/19 12:18,"725 Adams St, Atlanta, GA 30301"
150838,USB-C Charging Cable,1,11.95,02/25/19 03:46,"478 Adams St, New York City, NY 10001"
150839,Google Phone,1,600,02/24/19 14:02,"625 Washington St, New York City, NY 10001"
150840,AAA Batteries (4-pack),1,2.99,02/18/19 11:25,"14 6th St, Austin, TX 73301"
150841,AA Batteries (4-pack),1,3.84,02/06/19 19:56,"738 Meadow St, San Francisco, CA 94016"
150842,Lightning Charging Cable,1,14.95,02/09/19 08:11,"130 Spruce St, Los Angeles, CA 90001"
150843,Lightning Charging Cable,1,14.95,02/18/19 18:40,"409 4th St, Dallas, TX 75001"
150844,Macbook Pro Laptop,1,1700,02/06/19 22:01,"680 Church St, San Francisco, CA 94016"
150845,USB-C Charging Cable,1,11.95,02/17/19 10:47,"663 Lake St, Portland, OR 97035"
150846,AAA Batteries (4-pack),3,2.99,02/09/19 10:44,"223 South St, Dallas, TX 75001"
150847,Google Phone,1,600,02/10/19 14:08,"138 Chestnut St, New York City, NY 10001"
150848,27in 4K Gaming Monitor,1,389.99,02/07/19 10:41,"358 Willow St, Seattle, WA 98101"
150849,AAA Batteries (4-pack),1,2.99,02/08/19 02:31,"14 Meadow St, Austin, TX 73301"
150850,AAA Batteries (4-pack),1,2.99,02/14/19 15:23,"331 West St, Seattle, WA 98101"
150851,AA Batteries (4-pack),1,3.84,02/13/19 19:55,"490 South St, Portland, OR 97035"
150852,AAA Batteries (4-pack),1,2.99,02/26/19 06:52,"361 Park St, Portland, OR 97035"
150853,AAA Batteries (4-pack),1,2.99,02/27/19 16:10,"953 Jefferson St, New York City, NY 10001"
150853,27in 4K Gaming Monitor,1,389.99,02/27/19 16:10,"953 Jefferson St, New York City, NY 10001"
150854,27in 4K Gaming Monitor,1,389.99,02/14/19 06:38,"937 Cedar St, New York City, NY 10001"
150855,34in Ultrawide Monitor,1,379.99,02/11/19 14:38,"418 North St, Dallas, TX 75001"
150856,Flatscreen TV,1,300,02/07/19 13:42,"571 Meadow St, San Francisco, CA 94016"
150857,USB-C Charging Cable,1,11.95,02/05/19 12:55,"540 6th St, San Francisco, CA 94016"
150858,USB-C Charging Cable,1,11.95,02/13/19 19:54,"376 Sunset St, Austin, TX 73301"
150859,Lightning Charging Cable,1,14.95,02/24/19 12:42,"817 Lake St, Los Angeles, CA 90001"
150860,AAA Batteries (4-pack),3,2.99,02/21/19 18:45,"90 Sunset St, New York City, NY 10001"
150861,34in Ultrawide Monitor,1,379.99,02/23/19 14:42,"794 Washington St, Los Angeles, CA 90001"
150862,20in Monitor,1,109.99,02/05/19 07:56,"196 5th St, San Francisco, CA 94016"
150863,USB-C Charging Cable,1,11.95,02/16/19 15:08,"570 West St, San Francisco, CA 94016"
150864,AA Batteries (4-pack),1,3.84,02/24/19 11:28,"17 Park St, San Francisco, CA 94016"
150865,Bose SoundSport Headphones,1,99.99,02/12/19 00:14,"107 Lakeview St, Los Angeles, CA 90001"
150866,27in FHD Monitor,1,149.99,02/05/19 18:42,"248 Adams St, San Francisco, CA 94016"
150867,USB-C Charging Cable,1,11.95,02/21/19 10:35,"907 West St, Los Angeles, CA 90001"
150868,Lightning Charging Cable,1,14.95,02/10/19 22:36,"447 Park St, Atlanta, GA 30301"
150869,AA Batteries (4-pack),1,3.84,02/23/19 14:05,"35 6th St, San Francisco, CA 94016"
150870,Wired Headphones,1,11.99,02/13/19 15:03,"805 1st St, Dallas, TX 75001"
150871,AAA Batteries (4-pack),5,2.99,02/03/19 18:24,"659 Highland St, San Francisco, CA 94016"
150872,Lightning Charging Cable,1,14.95,02/28/19 17:33,"436 6th St, Seattle, WA 98101"
150873,Lightning Charging Cable,1,14.95,02/08/19 18:28,"65 10th St, Atlanta, GA 30301"
150874,Lightning Charging Cable,2,14.95,02/25/19 16:02,"851 Forest St, Portland, OR 97035"
150875,Lightning Charging Cable,1,14.95,02/17/19 16:42,"383 Wilson St, San Francisco, CA 94016"
150876,LG Dryer,1,600.0,02/03/19 18:48,"367 Meadow St, San Francisco, CA 94016"
150877,USB-C Charging Cable,1,11.95,02/12/19 20:34,"665 Ridge St, Austin, TX 73301"
150878,Apple Airpods Headphones,1,150,02/24/19 15:30,"441 Washington St, Portland, OR 97035"
150879,USB-C Charging Cable,1,11.95,02/22/19 21:16,"899 14th St, San Francisco, CA 94016"
150880,34in Ultrawide Monitor,1,379.99,02/03/19 19:18,"548 Pine St, San Francisco, CA 94016"
150881,Wired Headphones,1,11.99,02/18/19 10:43,"34 2nd St, Los Angeles, CA 90001"
150882,Wired Headphones,1,11.99,02/14/19 00:25,"402 10th St, Boston, MA 02215"
150883,Wired Headphones,1,11.99,02/04/19 23:50,"457 Willow St, San Francisco, CA 94016"
150884,Wired Headphones,1,11.99,02/17/19 23:57,"632 Center St, San Francisco, CA 94016"
150885,ThinkPad Laptop,1,999.99,02/20/19 10:04,"88 Main St, San Francisco, CA 94016"
150886,Wired Headphones,1,11.99,02/13/19 18:38,"432 1st St, Boston, MA 02215"
150887,34in Ultrawide Monitor,1,379.99,02/08/19 08:05,"186 Elm St, Seattle, WA 98101"
150888,Wired Headphones,1,11.99,02/23/19 10:38,"92 Willow St, Boston, MA 02215"
150889,USB-C Charging Cable,1,11.95,02/09/19 11:46,"800 5th St, Atlanta, GA 30301"
150890,Apple Airpods Headphones,1,150,02/11/19 16:21,"449 9th St, Dallas, TX 75001"
150891,Lightning Charging Cable,1,14.95,02/27/19 20:13,"241 Dogwood St, San Francisco, CA 94016"
150892,Wired Headphones,1,11.99,02/18/19 14:15,"248 Johnson St, San Francisco, CA 94016"
150892,Apple Airpods Headphones,1,150,02/18/19 14:15,"248 Johnson St, San Francisco, CA 94016"
150893,ThinkPad Laptop,1,999.99,02/10/19 07:33,"774 5th St, Portland, OR 97035"
150894,Google Phone,1,600,02/19/19 16:42,"580 South St, San Francisco, CA 94016"
150895,LG Washing Machine,1,600.0,02/18/19 21:37,"405 11th St, Dallas, TX 75001"
150896,Lightning Charging Cable,1,14.95,02/05/19 20:13,"472 13th St, New York City, NY 10001"